{
  "can::ridge::2020Q1::553738b7": {
    "m__alpha": 31.622776601683793
  },
  "can::lasso::2020Q1::553738b7": {
    "m__alpha": 0.7742636826811278
  },
  "can::enet::2020Q1::553738b7": {
    "m__alpha": 0.7742636826811278,
    "m__l1_ratio": 1.0
  },
  "can::huber::2020Q1::553738b7": {
    "m__alpha": 0.001,
    "m__epsilon": 1.1
  },
  "can::rf::2020Q1::553738b7": {
    "max_depth": null,
    "min_samples_leaf": 4,
    "n_estimators": 600
  },
  "can::extratrees::2020Q1::553738b7": {
    "max_depth": 8,
    "min_samples_leaf": 4,
    "n_estimators": 600
  },
  "can::gbr::2020Q1::553738b7": {
    "learning_rate": 0.03,
    "max_depth": 2,
    "n_estimators": 1200
  },
  "can::svr::2020Q1::553738b7": {
    "m__C": 3,
    "m__epsilon": 0.01,
    "m__gamma": "scale"
  },
  "can::knn::2020Q1::553738b7": {
    "m__n_neighbors": 3
  },
  "can::xgb::2020Q1::553738b7": {
    "learning_rate": 0.02,
    "max_depth": 4,
    "n_estimators": 600,
    "subsample": 0.7
  },
  "can::lgbm::2020Q1::553738b7": {
    "learning_rate": 0.02,
    "n_estimators": 800,
    "num_leaves": 31
  },
  "can::cat::2020Q1::553738b7": {
    "depth": 6,
    "iterations": 800,
    "learning_rate": 0.05
  },
  "nl::ridge::2020Q1::553738b7": {
    "m__alpha": 100.0
  },
  "nl::lasso::2020Q1::553738b7": {
    "m__alpha": 0.004641588833612782
  },
  "nl::enet::2020Q1::553738b7": {
    "m__alpha": 0.016681005372000592,
    "m__l1_ratio": 0.5
  },
  "nl::huber::2020Q1::553738b7": {
    "m__alpha": 0.01,
    "m__epsilon": 1.5
  },
  "nl::rf::2020Q1::553738b7": {
    "max_depth": 8,
    "min_samples_leaf": 4,
    "n_estimators": 600
  },
  "nl::extratrees::2020Q1::553738b7": {
    "max_depth": null,
    "min_samples_leaf": 4,
    "n_estimators": 600
  },
  "nl::gbr::2020Q1::553738b7": {
    "learning_rate": 0.02,
    "max_depth": 2,
    "n_estimators": 600
  },
  "nl::svr::2020Q1::553738b7": {
    "m__C": 3,
    "m__epsilon": 0.05,
    "m__gamma": "scale"
  },
  "nl::knn::2020Q1::553738b7": {
    "m__n_neighbors": 9
  },
  "nl::xgb::2020Q1::553738b7": {
    "learning_rate": 0.05,
    "max_depth": 6,
    "n_estimators": 1400,
    "subsample": 0.7
  },
  "nl::lgbm::2020Q1::553738b7": {
    "learning_rate": 0.02,
    "n_estimators": 800,
    "num_leaves": 31
  },
  "nl::cat::2020Q1::553738b7": {
    "depth": 6,
    "iterations": 800,
    "learning_rate": 0.03
  },
  "pe::ridge::2020Q1::553738b7": {
    "m__alpha": 31.622776601683793
  },
  "pe::lasso::2020Q1::553738b7": {
    "m__alpha": 0.004641588833612782
  },
  "pe::enet::2020Q1::553738b7": {
    "m__alpha": 0.004641588833612782,
    "m__l1_ratio": 0.8
  },
  "pe::huber::2020Q1::553738b7": {
    "m__alpha": 0.0001,
    "m__epsilon": 1.35
  },
  "pe::rf::2020Q1::553738b7": {
    "max_depth": 8,
    "min_samples_leaf": 2,
    "n_estimators": 600
  },
  "pe::extratrees::2020Q1::553738b7": {
    "max_depth": 8,
    "min_samples_leaf": 4,
    "n_estimators": 900
  },
  "pe::gbr::2020Q1::553738b7": {
    "learning_rate": 0.02,
    "max_depth": 2,
    "n_estimators": 600
  },
  "pe::svr::2020Q1::553738b7": {
    "m__C": 0.5,
    "m__epsilon": 0.05,
    "m__gamma": "scale"
  },
  "pe::knn::2020Q1::553738b7": {
    "m__n_neighbors": 7
  },
  "pe::xgb::2020Q1::553738b7": {
    "learning_rate": 0.03,
    "max_depth": 5,
    "n_estimators": 600,
    "subsample": 0.7
  },
  "pe::lgbm::2020Q1::553738b7": {
    "learning_rate": 0.02,
    "n_estimators": 800,
    "num_leaves": 31
  },
  "pe::cat::2020Q1::553738b7": {
    "depth": 6,
    "iterations": 1200,
    "learning_rate": 0.05
  },
  "ns::ridge::2020Q1::553738b7": {
    "m__alpha": 1000.0
  },
  "ns::lasso::2020Q1::553738b7": {
    "m__alpha": 0.1519911082952933
  },
  "ns::enet::2020Q1::553738b7": {
    "m__alpha": 0.21544346900318845,
    "m__l1_ratio": 0.5
  },
  "ns::huber::2020Q1::553738b7": {
    "m__alpha": 0.001,
    "m__epsilon": 1.5
  },
  "ns::rf::2020Q1::553738b7": {
    "max_depth": null,
    "min_samples_leaf": 4,
    "n_estimators": 1000
  },
  "ns::extratrees::2020Q1::553738b7": {
    "max_depth": 16,
    "min_samples_leaf": 4,
    "n_estimators": 500
  },
  "ns::gbr::2020Q1::553738b7": {
    "learning_rate": 0.02,
    "max_depth": 3,
    "n_estimators": 600
  },
  "ns::svr::2020Q1::553738b7": {
    "m__C": 0.5,
    "m__epsilon": 0.05,
    "m__gamma": "scale"
  },
  "ns::knn::2020Q1::553738b7": {
    "m__n_neighbors": 9,
    "m__weights": "distance"
  },
  "ns::xgb::2020Q1::553738b7": {
    "learning_rate": 0.05,
    "max_depth": 4,
    "n_estimators": 800,
    "subsample": 0.9
  },
  "ns::cat::2020Q1::553738b7": {
    "depth": 8,
    "iterations": 1600,
    "learning_rate": 0.05
  },
  "nb::ridge::2020Q1::553738b7": {
    "m__alpha": 31.622776601683793
  },
  "nb::lasso::2020Q1::553738b7": {
    "m__alpha": 0.01873817422860383
  },
  "nb::enet::2020Q1::553738b7": {
    "m__alpha": 0.016681005372000592,
    "m__l1_ratio": 1.0
  },
  "nb::huber::2020Q1::553738b7": {
    "m__alpha": 0.0,
    "m__epsilon": 1.35
  },
  "nb::rf::2020Q1::553738b7": {
    "max_depth": 8,
    "min_samples_leaf": 2,
    "n_estimators": 400
  },
  "nb::extratrees::2020Q1::553738b7": {
    "max_depth": 10,
    "min_samples_leaf": 1,
    "n_estimators": 1100
  },
  "nb::gbr::2020Q1::553738b7": {
    "learning_rate": 0.02,
    "max_depth": 2,
    "n_estimators": 600
  },
  "nb::svr::2020Q1::553738b7": {
    "m__C": 2,
    "m__epsilon": 0.2,
    "m__gamma": "scale"
  },
  "nb::knn::2020Q1::553738b7": {
    "m__n_neighbors": 9,
    "m__weights": "distance"
  },
  "nb::xgb::2020Q1::553738b7": {
    "learning_rate": 0.02,
    "max_depth": 4,
    "n_estimators": 800,
    "subsample": 0.7
  },
  "nb::cat::2020Q1::553738b7": {
    "depth": 6,
    "iterations": 800,
    "learning_rate": 0.03
  },
  "qc::ridge::2020Q1::553738b7": {
    "m__alpha": 100.0
  },
  "qc::lasso::2020Q1::553738b7": {
    "m__alpha": 0.4328761281083057
  },
  "qc::enet::2020Q1::553738b7": {
    "m__alpha": 0.7742636826811278,
    "m__l1_ratio": 0.5
  },
  "qc::huber::2020Q1::553738b7": {
    "m__alpha": 0.001,
    "m__epsilon": 1.5
  },
  "qc::rf::2020Q1::553738b7": {
    "max_depth": 8,
    "min_samples_leaf": 2,
    "n_estimators": 1000
  },
  "qc::extratrees::2020Q1::553738b7": {
    "max_depth": null,
    "min_samples_leaf": 4,
    "n_estimators": 1100
  },
  "qc::gbr::2020Q1::553738b7": {
    "learning_rate": 0.02,
    "max_depth": 3,
    "n_estimators": 600
  },
  "qc::svr::2020Q1::553738b7": {
    "m__C": 4,
    "m__epsilon": 0.05,
    "m__gamma": "scale"
  },
  "qc::knn::2020Q1::553738b7": {
    "m__n_neighbors": 3,
    "m__weights": "uniform"
  },
  "qc::xgb::2020Q1::553738b7": {
    "learning_rate": 0.03,
    "max_depth": 5,
    "n_estimators": 800,
    "subsample": 0.7
  },
  "qc::cat::2020Q1::553738b7": {
    "depth": 6,
    "iterations": 1200,
    "learning_rate": 0.05
  },
  "on::ridge::2020Q1::553738b7": {
    "m__alpha": 31.622776601683793
  },
  "on::lasso::2020Q1::553738b7": {
    "m__alpha": 0.4328761281083057
  },
  "on::enet::2020Q1::553738b7": {
    "m__alpha": 0.7742636826811278,
    "m__l1_ratio": 0.5
  },
  "on::huber::2020Q1::553738b7": {
    "m__alpha": 0.0001,
    "m__epsilon": 1.1
  },
  "on::rf::2020Q1::553738b7": {
    "max_depth": null,
    "min_samples_leaf": 2,
    "n_estimators": 400
  },
  "on::extratrees::2020Q1::553738b7": {
    "max_depth": 16,
    "min_samples_leaf": 4,
    "n_estimators": 1100
  },
  "on::gbr::2020Q1::553738b7": {
    "learning_rate": 0.02,
    "max_depth": 2,
    "n_estimators": 600
  },
  "on::svr::2020Q1::553738b7": {
    "m__C": 4,
    "m__epsilon": 0.05,
    "m__gamma": "auto"
  },
  "on::knn::2020Q1::553738b7": {
    "m__n_neighbors": 5,
    "m__weights": "distance"
  },
  "on::xgb::2020Q1::553738b7": {
    "learning_rate": 0.05,
    "max_depth": 6,
    "n_estimators": 800,
    "subsample": 0.7
  },
  "on::cat::2020Q1::553738b7": {
    "depth": 6,
    "iterations": 1600,
    "learning_rate": 0.03
  },
  "mb::ridge::2020Q1::553738b7": {
    "m__alpha": 10.0
  },